{
    "default": {
        "orms_need_observe_third_package_list": [
            "com.tencent.mm",
            "com.tencent.mobileqq",
            "com.ss.android.ugc.aweme",
            "com.smile.gifmaker",
            "com.meitu.meiyancamera",
            "com.gorgeous.lite",
            "com.mt.mtxx.mtxx",
            "com.kwai.m2u",
            "com.campmobile.snowcamera",
            "com.lemon.faceu",
            "com.kwai.videoeditor",
            "com.lemon.lv",
            "com.motioncam.pro"
        ],
        "orms_need_observe_third_activity_list": [
            "com.tencent.mm.plugin.voip.ui.VideoActivity",
            "com.tencent.av.ui.AVActivity"
        ],
        "need_observe_third_activity_list": [
            "com.ss.android.ugc.aweme.shortvideo.ui.VideoRecordNewActivity",
            "com.yxcorp.gifshow.camera.record.CameraActivity",
            "com.meitu.myxj.selfie.merge.activity.SelfieCameraActivity",
            "com.light.beauty.mainpage.MainActivity",
            "com.mt.mtxx.camera.view.CameraActivity",
            "com.kwai.m2u.main.CameraActivity",
            "com.linecorp.b612.android.activity.ActivityCamera",
            "com.lemon.faceu.business.mainpage.MainActivity",
            "com.kwai.videoeditor.activity.StartCreateActivity",
            "com.vega.recorder.LvRecordActivity"
        ],
        "need_observe_oplus_float_window_show_package": [
            "com.tencent.mm",
            "com.tencent.mobileqq"
        ],
        "isSkipItsVideoStabilization": true,
        "feature_motor_enable": false,
        "feature_aps_enable": true,
        "feature_auth_enable": true,
        "feature_cts_enable": true,
        "feature_3a_enable": true,
        "feature_evication_enable": true,
        "feature_get_temperature_enable": true,
        "feature_resolution_enable": true,
        "feature_government_enalbe": true,
        "feature_sound_enable": true,
        "feature_flash_enable": true,
        "feature_fps_enable": true,
        "feature_explorer_enable": true,
        "feature_rio_enable": true,
        "feature_lazy_finish_fonfiguration_enable": true,
        "explorer_override_cost": 99,
        "feature_aon_enable": true,
        "feature_multicamera_enable": true,
        "feature_syscamera_override_dataspace_enable": true,
        "feature_camerasdk_override_dataspace_enable": true,
        "limit_3rd_app_size": [
            "com.mt.mtxx.mtxx.sub.preview",
            "com.benqu.wuta.sub.preview",
            "com.huajiao.camera.sub.preview",
            "com.tencent.funcam.sub.preview",
            "com.mt.mtxx.mtxx.main.preview",
            "com.benqu.wuta.main.preview",
            "com.huajiao.camera.main.preview",
            "com.gorgeous.lite.main.preview",
            "com.meitu.meiyancamera.main.preview",
            "com.meitu.wheecam.main.preview",
            "com.huajiao.camera.sub.Texture"
        ],
        "limit_3rd_app_size_byLevel": [
            "com.fingogroup.fingo.level1",
            "com.rapido.rider.level1"
        ],
        "skip_rus_check_list": [
            "android.camera.cts",
            "com.android.cts.verifier",
            "android",
            "com.oplus.engineercamera"
        ],
        "forbit_3rd_app_reconfigure": [
            "com.tencent.wework",
            "com.tencent.mobileqq"
        ],
        "skip_front_preview_limit_list": [
            "com.oplus.camera",
            "android.camera.cts",
            "com.android.cts.verifier",
            "com.tencent.qqmusic"
        ],
        "disable_camera_shutter_sound_app_list": [
            "com.facebook.orca",
            "com.facebook.orca",
            "com.instagram.android",
            "com.facebook.katana"
        ],
        "defaultMaxPreviewWidth": 3168,
        "defaultMaxPreviewHeight": 3168,
        "resolutionFilterForNotAddSizeAPI1": [
            "4608x3456",
            "4160x3120",
            "4160x2340",
            "4096x2160",
            "2688x1512",
            "2592x1944",
            "2592x1940",
            "2592x1458",
            "2592x1232",
            "2592x1196",
            "2560x1920"
        ],
        "limitSizeListForCtsPhysical": [
            4096,
            3072
        ],
        "limitSizeListForCts": [
            4096,
            3072,
            4000,
            3008,
            4000,
            3000,
            3840,
            2160,
            3280,
            1856,
            3000,
            3000,
            3264,
            2448,
            2880,
            2160,
            2592,
            1944,
            3280,
            2464,
            2560,
            1440,
            2328,
            1748,
            2160,
            1080,
            1920,
            1440,
            1920,
            1080,
            1600,
            1200,
            1440,
            1080,
            1280,
            960,
            1280,
            720,
            640,
            640,
            720,
            540,
            720,
            480,
            640,
            480,
            352,
            288,
            320,
            240,
            176,
            144,
            0,
            0
        ],
        "limitThumbnailSizeListForCts": [
            0,
            0,
            176,
            144,
            213,
            160,
            240,
            144,
            256,
            144,
            240,
            160,
            256,
            154,
            246,
            184,
            250,
            188,
            352,
            160,
            240,
            240,
            400,
            180,
            320,
            240,
            374,
            282
        ],

        "limitZoomRangeForCTSv": [
            0.9, 5.0
        ],

        "limitVideoStabilizationModesForCTSv": [
            0, 2
        ],

        "skipSizeListForCtsVerifier": [
            1600, 800,
            1280, 720,
            800,  400,
            804,  360,
            792,  360,
            640,  360,
            640,  480,
            2688, 1512,
            2560, 1440,
            2304, 1296,
            2048, 1080,
            480,  270,
            352,  288,
            368,  368,
            320,  240,
            176,  144
        ]
    },
    "org.codeaurora.ims": {
        "isFreeDomEvictionPackge": true,
        "resolutionFilterForNotAddSizeAPI1": [
            "1206x540"
        ]
    },
    "android": {
        "isFreeDomEvictionPackge": true
    },
    "com.tencent.mm": {
        "app_enable_rio": true,
        "app_disable_fb_evict": true,
        "supportExplorerCameraMask": 3,
        "app_disable_fb_activity": [
            "com.tencent.mm.plugin.recordvideo.activity.MMRecordUI"
        ]
    },
    "com.instagram.android": {
        "supportExplorerCameraMask": 3
    },
    "com.tencent.zebra": {
        "previewSizeForAPI1Width": 1920,
        "previewSizeForAPI1Height": 1080
    },
    "com.android.hwmirror": {
        "previewSizeForAPI1Width": 3840,
        "previewSizeForAPI1Height": 2160
    },
    "com.marykay.vmo.my": {
        "previewSizeForAPI1Width": 1920,
        "previewSizeForAPI1Height": 1080
    },
    "net.one97.paytm": {
        "previewSizeForAPI1Width": 1920,
        "previewSizeForAPI1Height": 1080
    },
    "com.tencent.av.ui.AVActivity": {
        "minVideoCallFps": 15,
        "maxVideoCallFps": 15
    },
    "im.thebot.messenger": {
        "previewSizeForAPI1Width": 1920,
        "previewSizeForAPI1Height": 1080,
        "needLimitFpsForAPI1": true
    },
    "com.pantum.mobileprint": {
        "previewSizeForAPI1Width": 1920,
        "previewSizeForAPI1Height": 1080
    },
    "com.xiaomi.mitv.phone.tvassistant": {
        "previewSizeForAPI1Width": 3216,
        "previewSizeForAPI1Height": 1440
    },
    "com.alibaba.android.rimet": {
        "previewSizeForAPI1Width": 1920,
        "previewSizeForAPI1Height": 1080
    },
    "com.kufeng.hj.enjoy": {
        "previewSizeForAPI1Height": 1080
    },
    "com.gpsmapcamera.geotagginglocationonphoto": {
        "previewSizeForAPI1Width": 1920,
        "previewSizeForAPI1Height": 1080,
        "resolutionFilterForNotAddSizeAPI1": [
            "1920x1080",
            "1600x800",
            "1280x720",
            "864x480",
            "800x400",
            "720x480",
            "640x360"
        ]
    },
    "com.tencent.mobileqq": {
        "app_enable_rio": true
    },
    "com.ss.android.ugc.aweme": {
        "app_enable_rio": true
    },
    "com.facebook.katana": {
        "app_enable_rio": true
    },
    "com.facebook.orca": {
        "app_enable_rio": true
    },
    "com.whatsapp.w4b": {
        "app_enable_rio": true
    },
    "com.instagram.android": {
        "app_enable_rio": true
    },
    "com.ss.android.ugc.trill": {
        "app_enable_rio": true
    },
    "com.oplus.engineercamera": {
        "resolutionFilterForNotAddSizeAPI1": [
            "4608x3456",
            "4160x3120",
            "4160x2340",
            "4096x2160",
            "2688x1512",
            "2592x1944",
            "2592x1940",
            "2592x1458",
            "2592x1232",
            "2592x1196",
            "2592x1920"
        ]
    },
    "com.twitter.android": {
        "previewSizeForAPI1Width": 1920,
        "previewSizeForAPI1Height": 1080,
        "maxRatioFilterForNotAddSizeAPI1": 177,
        "minRatioFilterForNotAddSizeAPI1": 133,
        "needLimitFpsForAPI1": true
    },
    "com.microsoft.office.outlook": {
        "needlimitsize_16_9": true,
        "3rdApp_limit_size": true,
        "maxPreviewWidthForAPI2cameraId1": 1920,
        "maxPreviewHeightForAPI2cameraId1": 1080,
        "maxPreviewWidthForAPI2cameraId0": 1920,
        "maxPreviewHeightForAPI2cameraId0": 1080
    },
    "com.whatsapp": {
        "needlimitSizeForSurface": true,
        "limitWidthForSurface": 1920,
        "limitHeightForSurface": 1080,
        "app_enable_rio": true,
        "app_enable_fb_activity": [
            "com.whatsapp.voipcalling.VoipActivityV2"
        ],
        "app_disable_fb_activity": [
            "com.whatsapp.camera.CameraActivity",
            "com.whatsapp.qrcode.contactqr.ContactQrActivity",
            "com.whatsapp.statuscomposer.ConsolidatedStatusComposerActivity",
            "com.whatsapp.status.composer.ConsolidatedStatusComposerActivity"
        ]
    },
    "com.discord": {
        "app_enable_fb_activity": [
            "com.discord.main.MainActivity"
        ]
    },
    "com.microsoft.teams": {
        "app_enable_fb_activity": [
            "com.microsoft.skype.teams.views.activities.PreJoinActivity",
            "com.microsoft.skype.teams.views.activities.InCallActivity"
        ],
        "app_disable_fb_activity": [
            "com.microsoft.office.lens.lenscommon.ui.LensActivity"
        ]
    },
    "com.tencent.wework": {
        "needLimitFpsForAPI1": false
    },
    "com.skype.raider": {
        "needLimitFpsForAPI1": true
    },
    "com.vkontakte.android": {
        "needLimitFpsForAPI1": true
    },
    "jp.naver.linecamera.android": {
        "needLimitFpsForAPI1": true
    },
    "com.blink.academy.nomopro": {
        "needLimitFpsForAPI1": true
    },
    "com.microsoft.office.excel": {
        "needLimitFpsForAPI1": true
    },
    "com.eg.android.AlipayGphone": {
        "feature_resolution_enable": true,
        "previewSizeForAPI1Width": 1920,
        "previewSizeForAPI1Height": 1080,
        "needLimitFpsForAPI1": true
    },
    "com.mt.mtxx.mtxx": {
        "3rdApp_limit_size": true,
        "maxPreviewWidthForAPI2cameraId1": 1920,
        "maxPreviewHeightForAPI2cameraId1": 1440,
        "maxPreviewWidthForAPI2cameraId0": 1920,
        "maxPreviewHeightForAPI2cameraId0": 1440
    },
    "com.smile.gifmaker": {
        "app_enable_rio": true,
        "adjustInvalidFpsForAPI1": true
    },
    "com.taobao.taobao": {
        "checkToAddPreviewCallbackForAPI1": true
    },
    "com.example.anchortooldemo": {
        "checkToAddPreviewCallbackForAPI1": true
    },
    "com.manboker.headportrait": {
        "resolutionFilterForNotAddSizeAPI1": [
            "2520x1080",
            "2412x1080",
            "2400x1080",
            "2376x1080"
        ]
    },
    "com.manboker.headportrait": {
        "maxWidthFilterForNotAddSizeAPI1": 1920,
        "maxHeightFilterForNotAddSizeAPI1": 1080,
        "maxRatioFilterForNotAddSizeAPI1": 177,
        "minRatioFilterForNotAddSizeAPI1": 177,
        "needLimitFpsForAPI1": true
    },
    "android.camera.cts": {
        "resolutionFilterForNotAddSizeAPI1": [
            "4608x3456",
            "4160x3120",
            "4160x2340",
            "4096x2304",
            "4096x2160",
            "4096x1834",
            "4000x2250",
            "4000x1790",
            "3840x1644",
            "3456x2592",
            "3328x2496",
            "3216x1440",
            "2752x2064",
            "2688x1512",
            "2592x1940",
            "2592x1458",
            "2592x1232",
            "2592x1196",
            "2560x1920",
            "2520x1080",
            "2412x1080",
            "2376x1080",
            "2304x1728",
            "2304x1296",
            "1920x864",
            "1920x860",
            "1608x720",
            "1600x800",
            "1600x720",
            "1206x540",
            "1204x768",
            "864x480",
            "804x360"
        ],
        "limit_exposure_time_parameter":true,
        "limit_physical_multi_resolution_size":true
    }
}
